type,climate.zone,incr.ch4.mean,incr.methanotrophy.co2.mean
pond,Cool Temperate Moist,0.14170757158739666,0.0025023780814850526
pond,Warm Temperate Moist,0.32494664121667066,5.756251537959562e-4
reservoir,Cool Temperate Moist,1.021846452099805,0.021886426981924015
reservoir,Warm Temperate Moist,2.6489037569233926,0.00651716243623917
