type,climate.zone,incr.ch4.mean.pct,incr.methanotrophy.co2.mean
pond,Cool Temperate Moist,0.1904562938696227,0.0025023780814850526
pond,Warm Temperate Moist,0.19461199371829924,5.756251537959562e-4
reservoir,Cool Temperate Moist,0.17000690372312338,0.021886426981924015
reservoir,Warm Temperate Moist,0.1891945215623941,0.00651716243623917
