type,climate.zone,incr.ch4.mean.pct,incr.methanotrophy.co2.mean
pond,Cool Temperate,0.18761113388732456,0.003396473511042315
pond,Warm Temperate Moist,0.1933175818445377,7.338097596796757e-4
reservoir,Cool Temperate,0.16768415353089164,0.0373128641728544
reservoir,Warm Temperate Moist,0.1863598515947615,0.015469833714261347
