type,climate.zone,incr.ch4.mean.pct,incr.methanotrophy.co2.mean
pond,Cool Temperate,0.18761113388732456,0.0033452422589905356
pond,Warm Temperate Moist,0.1933175818445377,7.634629825053183e-4
reservoir,Cool Temperate,0.16768415353089164,0.04240654971707525
reservoir,Warm Temperate Moist,0.1863598515947615,0.011682097505550881
