type,climate.zone,incr.ch4.mean,methanotrophy.co2.2010.mean,methanotrophy.co2.tmdl.mean
pond,Cool Temperate Moist,0.09918371614264372,0.013862398913107934,0.011588440554080856
pond,Warm Temperate Moist,0.19281533118809024,0.0026979965345047025,0.0022451593736582277
reservoir,Cool Temperate Moist,0.7728657271283222,0.22103196697709512,0.18693896199014937
reservoir,Warm Temperate Moist,1.7590185499206479,0.04317255205974944,0.036410699297563485
